"organization","url"
"Research and Markets",https://www.globenewswire.com/rssfeed/organization/wpoH5OBqNnpxeYWfZwnDDQ==,"2026-05-17 19:38:57.136424+02"
"SNS Insider pvt ltd",https://www.globenewswire.com/rssfeed/organization/E7mrFD5m3Meai7rF0iiTYw==,"2026-05-17 19:38:57.136424+02"
"MarketsandMarkets Research",https://www.globenewswire.com/rssfeed/organization/CqCrp1utU9DPdfYL5dG7Yg==,"2026-05-17 19:38:57.136424+02"
"BCC Research",https://www.globenewswire.com/rssfeed/organization/pHCvLabnfQ7SumVaSOWMcw==,"2026-05-17 19:38:57.136424+02"
"Mordor Intelligence","https://www.globenewswire.com/rssfeed/organization/ND3S3Cg7sUBW2Ul4W8xWnQ=="
"SNS Insider pvt ltd","https://www.globenewswire.com/rssfeed/organization/E7mrFD5m3Meai7rF0iiTYw=="
"Zion Market Research","https://www.globenewswire.com/rssfeed/organization/L4bfhNcC8xC0kSkc67IEtg=="
"Custom Market Insights","https://www.globenewswire.com/rssfeed/organization/nzaccQUq5XExCVSfi1oevA=="
"DelveInsight Business Research LLP","https://www.globenewswire.com/rssfeed/organization/6txIGR-pCg9GsFr9FoYy5A=="
"Food and Drug Administration (FDA) - Consumer Health Information Updates","https://www.fda.gov/about-fda/contact-fda/stay-informed/rss-feeds/consumers/rss.xml"
"Food and Drug Administration (FDA) - Criminal Investigations Press Releases","https://www.fda.gov/about-fda/contact-fda/stay-informed/rss-feeds/oci-press-releases/rss.xml"
"Food and Drug Administration (FDA) - Drug Information Soundcast in Clinical Oncology (D.I.S.C.O.)","https://www.fda.gov/about-fda/contact-fda/stay-informed/rss-feeds/disco/rss.xml"
"Food and Drug Administration (FDA) - Drug Safety Podcasts","https://www.fda.gov/about-fda/contact-fda/stay-informed/rss-feeds/drug-safety-podcast/rss.xml"
"Food and Drug Administration (FDA) - FDA Outbreaks","https://www.fda.gov/about-fda/contact-fda/stay-informed/rss-feeds/fda-outbreaks/rss.xml"
"Food and Drug Administration (FDA) - Food Allergies","https://www.fda.gov/about-fda/contact-fda/stay-informed/rss-feeds/food-allergies/rss.xml"
"Food and Drug Administration (FDA) - Food Safety Recalls","https://www.fda.gov/about-fda/contact-fda/stay-informed/rss-feeds/food-safety-recalls/rss.xml"
"Food and Drug Administration (FDA) - Health Fraud","https://www.fda.gov/about-fda/contact-fda/stay-informed/rss-feeds/health-fraud/rss.xml"
"Food and Drug Administration (FDA) - MedWatch Safety Alerts (human medical products)","https://www.fda.gov/about-fda/contact-fda/stay-informed/rss-feeds/medwatch/rss.xml"
"Food and Drug Administration (FDA) - Office of Regulatory Affairs (ORA) FOIA Electronic Reading Room","https://www.fda.gov/about-fda/contact-fda/stay-informed/rss-feeds/ora-foia-electronic-reading-room/rss.xml"
"Food and Drug Administration (FDA) - Press Releases","https://www.fda.gov/about-fda/contact-fda/stay-informed/rss-feeds/press-releases/rss.xml"
"Food and Drug Administration (FDA) - Recalls","https://www.fda.gov/about-fda/contact-fda/stay-informed/rss-feeds/recalls/rss.xml"
"Food and Drug Administration (FDA) - Tainted Products That are Marketed as Dietary Supplements","https://www.fda.gov/about-fda/contact-fda/stay-informed/rss-feeds/tainted-dietary-supplements/rss.xml"
"Food and Drug Administration (FDA) - What's New: Drugs","https://www.fda.gov/about-fda/contact-fda/stay-informed/rss-feeds/drugs/rss.xml"
"Food and Drug Administration (FDA) - What's New: Vaccines, Blood and Biologics","https://www.fda.gov/about-fda/contact-fda/stay-informed/rss-feeds/biologics/rss.xml"
